id,category,like,title,image_url,update_time,create_time
1,"",15,"",http://ac-9dv47dhd.clouddn.com/1bf2e4f9ddcb02beb9bb.JPG,"2017-05-16 01:53:00.108081","2017-05-16 01:53:00.108117"
2,"",189,"",http://ac-9dv47dhd.clouddn.com/56c4dbc4888d98079af2.JPG,"2017-05-16 01:53:00.108081","2017-05-16 01:53:00.108117"
3,"",132,"",http://ac-9dv47dhd.clouddn.com/0d9c1a6ab5f9767a3017.JPG,"2017-05-16 01:53:00.108081","2017-05-16 01:53:00.108117"
4,"",89,"",http://ac-9dv47dhd.clouddn.com/efd4f611e9e648416b94.JPG,"2017-05-16 01:53:00.108081","2017-05-16 01:53:00.108117"
5,"",163,"",http://ac-9dv47dhd.clouddn.com/3ec458b11674adb7dc7d.JPG,"2017-05-16 01:53:00.108081","2017-05-16 01:53:00.108117"
6,"",29,"",http://ac-9dv47dhd.clouddn.com/63f28c98914f9218f26a.JPG,"2017-05-16 01:53:00.108081","2017-05-16 01:53:00.108117"
7,"",21,"",http://ac-9dv47dhd.clouddn.com/219f5d1a182fd71691dc.JPG,"2017-05-16 01:53:00.108081","2017-05-16 01:53:00.108117"
8,"",41,"",http://ac-9dv47dhd.clouddn.com/1bf2e4f9ddcb02beb9bb.JPG,"2017-05-16 01:53:00.108081","2017-05-16 01:53:00.108117"
9,"",115,"",http://ac-9dv47dhd.clouddn.com/b1e152a3018c6b2399e2.JPG,"2017-05-16 01:53:00.108081","2017-05-16 01:53:00.108117"
10,"",55,"",http://ac-9dv47dhd.clouddn.com/08a7c183216b8cd0c2ee.JPG,"2017-05-16 01:53:00.108081","2017-05-16 01:53:00.108117"
11,"",58,"",http://ac-9dv47dhd.clouddn.com/62f257ecdd3fc6d12985.JPG,"2017-05-16 01:53:00.108081","2017-05-16 01:53:00.108117"
12,"",38,"",http://ac-9dv47dhd.clouddn.com/e4148aee8d98a1058f70.JPG,"2017-05-16 01:53:00.108081","2017-05-16 01:53:00.108117"
13,"",59,"",http://ac-9dv47dhd.clouddn.com/0f73edd01dc37caa76ef.JPG,"2017-05-16 01:53:00.108081","2017-05-16 01:53:00.108117"
14,"",19,"",http://ac-9dv47dhd.clouddn.com/61ba1d921a1a8dc17de9.JPG,"2017-05-16 01:53:00.108081","2017-05-16 01:53:00.108117"
15,"",15,"",http://ac-9dv47dhd.clouddn.com/e21eded8ab2391dff4a1.JPG,"2017-05-16 01:53:00.108081","2017-05-16 01:53:00.108117"
16,"",106,"",http://ac-9dv47dhd.clouddn.com/147bff7ac8e939a10946.JPG,"2017-05-16 01:53:00.108081","2017-05-16 01:53:00.108117"
17,"",23,"",http://ac-9dv47dhd.clouddn.com/93cfa14d327c73a58fa2.JPG,"2017-05-16 01:53:00.108081","2017-05-16 01:53:00.108117"
18,"",30,"",http://ac-9dv47dhd.clouddn.com/1f2b5af29c0c47f39398.JPG,"2017-05-16 01:53:00.108081","2017-05-16 01:53:00.108117"
19,"",8,"",http://ac-9dv47dhd.clouddn.com/8cd056c1cc5dd120a644.JPG,"2017-05-16 01:53:00.108081","2017-05-16 01:53:00.108117"
20,"",17,"",http://ac-9dv47dhd.clouddn.com/f5b9e39e74aeff15354f.JPG,"2017-05-16 01:53:00.108081","2017-05-16 01:53:00.108117"
21,"",13,"",http://ac-9dv47dhd.clouddn.com/de53e1886534b2dee676.JPG,"2017-05-16 01:53:00.108081","2017-05-16 01:53:00.108117"
22,"",24,"",http://ac-9dv47dhd.clouddn.com/f04766aa020fabe846d1.JPG,"2017-05-16 01:53:00.108081","2017-05-16 01:53:00.108117"
23,"",27,"",http://ac-9dv47dhd.clouddn.com/001102eed9e80f63798c.JPG,"2017-05-16 01:53:00.108081","2017-05-16 01:53:00.108117"
24,"",7,"",http://b177.photo.store.qq.com/psb?/V11wKDiG23Nj7m/Y*lDiaFiUpIcff8tNPTedQ.xU*.LatKOro*dLO9ERJk!/b/dLEAAAAAAAAA&ek=1&kp=1&pt=0&bo=OAQ4BAAAAAAFFzQ!&tm=1494234000#sce=14-1-1&rf=v1_iph_sq_6.5.0_0_hdbm_t-4-2,"2017-05-16 01:53:00.108081","2017-05-16 01:53:00.108117"
25,"",17,"",http://b166.photo.store.qq.com/psb?/V11wKDiG23Nj7m/RxeOsn4L5JeBvf*7q4hQbkBoh2XJ.Wp.A0xziGBsej8!/b/dKYAAAAAAAAA&ek=1&kp=1&pt=0&bo=OAQ4BAAAAAAFFzQ!&tm=1494234000#sce=14-1-1&rf=v1_iph_sq_6.5.0_0_hdbm_t-4-2,"2017-05-16 01:53:00.108081","2017-05-16 01:53:00.108117"
26,"",21,"",http://b246.photo.store.qq.com/psb?/V11wKDiG23Nj7m/.dm60bfkag10eQLnH6eSxRHmpwdISKM9aiFESEvfYCo!/b/dPYAAAAAAAAA&ek=1&kp=1&pt=0&bo=*gTAAwAAAAAFJz0!&tm=1494234000#sce=14-1-1&rf=v1_iph_sq_6.5.0_0_hdbm_t-4-2,"2017-05-16 01:53:00.108081","2017-05-16 01:53:00.108117"
27,"",12,"",http://b252.photo.store.qq.com/psb?/V11wKDiG23Nj7m/ZgcQAR2qbEcx3t0OFyqWHznkug4jEffK5HAYi9me1oU!/b/dPwAAAAAAAAA&ek=1&kp=1&pt=0&bo=*gTAAwAAAAAFFw0!&tm=1494234000#sce=14-1-1&rf=v1_iph_sq_6.5.0_0_hdbm_t-4-2,"2017-05-16 01:53:00.108081","2017-05-16 01:53:00.108117"
28,"",9,"",http://b177.photo.store.qq.com/psb?/V11wKDiG23Nj7m/UArX5XEZsV4mULC1ETrVg6qXUBgC*zbhG2K5CkWlqfU!/b/dLEAAAAAAAAA&ek=1&kp=1&pt=0&bo=OAQ4BAAAAAAFFzQ!&tm=1494234000#sce=14-1-1&rf=v1_iph_sq_6.5.0_0_hdbm_t-4-2,"2017-05-16 01:53:00.108081","2017-05-16 01:53:00.108117"
29,"",3,"",http://b173.photo.store.qq.com/psb?/V11wKDiG23Nj7m/.NOBdDZqinw3waZAnRRjccNUN0xKFCpfbyVBJLHAHKo!/b/dK0AAAAAAAAA&ek=1&kp=1&pt=0&bo=OAQ4BAAAAAAFFzQ!&tm=1494234000#sce=14-1-1&rf=v1_iph_sq_6.5.0_0_hdbm_t-4-2,"2017-05-16 01:53:00.108081","2017-05-16 01:53:00.108117"
30,"",15,"",http://b174.photo.store.qq.com/psb?/V11wKDiG23Nj7m/XpG4yvbnWVlifQah*W8YgIXT.DCjjPGQTYQ5ri*jDSE!/b/dK4AAAAAAAAA&ek=1&kp=1&pt=0&bo=OAQ4BAAAAAAFFzQ!&tm=1494234000#sce=14-1-1&rf=v1_iph_sq_6.5.0_0_hdbm_t-4-2,"2017-05-16 01:53:00.108081","2017-05-16 01:53:00.108117"
31,"",7,"",http://b177.photo.store.qq.com/psb?/V11wKDiG23Nj7m/XQqclFbkc3PHVRaUU2TfFX2HMhoW6wYnLT7T85YGAHE!/b/dLEAAAAAAAAA&ek=1&kp=1&pt=0&bo=OAQ4BAAAAAAFFzQ!&tm=1494234000#sce=14-1-1&rf=v1_iph_sq_6.5.0_0_hdbm_t-4-2,"2017-05-16 01:53:00.108081","2017-05-16 01:53:00.108117"
32,"",2,"",http://b177.photo.store.qq.com/psb?/V11wKDiG23Nj7m/FA5*dd9HDDhEdbgXRDhtb1ZoCGmuszhhQC2pz5wkk7Q!/b/dLEAAAAAAAAA&ek=1&kp=1&pt=0&bo=OAQ4BAAAAAAFFzQ!&tm=1494234000#sce=14-1-1&rf=v1_iph_sq_6.5.0_0_hdbm_t-4-2,"2017-05-16 01:53:00.108081","2017-05-16 01:53:00.108117"
33,"",11,"",http://b250.photo.store.qq.com/psb?/V11wKDiG23Nj7m/LhlKGRspKcglrx1Wh2ym4rTuc3AzpxCc8Ikb3o9XVsg!/b/dPoAAAAAAAAA&ek=1&kp=1&pt=0&bo=OAQ4BAAAAAAFFzQ!&tm=1494234000#sce=14-1-1&rf=v1_iph_sq_6.5.0_0_hdbm_t-4-2,"2017-05-16 01:53:00.108081","2017-05-16 01:53:00.108117"
34,"",2,"",http://b246.photo.store.qq.com/psb?/V11wKDiG23Nj7m/FxoErT5*nDCiUwwlrXZEgl2TpIVdKKSJiohfNOIvucI!/b/dPYAAAAAAAAA&ek=1&kp=1&pt=0&bo=OAQ4BAAAAAAFFzQ!&tm=1494234000#sce=14-1-1&rf=v1_iph_sq_6.5.0_0_hdbm_t-4-2,"2017-05-16 01:53:00.108081","2017-05-16 01:53:00.108117"
35,"",10,"",http://b165.photo.store.qq.com/psb?/V11wKDiG23Nj7m/buTRP0cl*TSO5gMqSPNrV0Ll*emRNRo2pMr0id2Tbqw!/b/dKUAAAAAAAAA&ek=1&kp=1&pt=0&bo=OAQ4BAAAAAAFFzQ!&tm=1494234000#sce=14-1-1&rf=v1_iph_sq_6.5.0_0_hdbm_t-4-2,"2017-05-16 01:53:00.108081","2017-05-16 01:53:00.108117"
36,"",2,"",http://b172.photo.store.qq.com/psb?/V11wKDiG23Nj7m/7f.H9m3klolzK0.1aMnpZ72dq0m1DndNaf6tIITgmzQ!/b/dKwAAAAAAAAA&ek=1&kp=1&pt=0&bo=OAQ4BAAAAAAFFzQ!&tm=1494234000#sce=14-1-1&rf=v1_iph_sq_6.5.0_0_hdbm_t-4-2,"2017-05-16 01:53:00.108081","2017-05-16 01:53:00.108117"
37,"",36,"",http://b258.photo.store.qq.com/psb?/V11wKDiG23Nj7m/MOsKpO5*9WesBAHI6Lyjw7vW6KHD7fYTPJTKiKIjPdQ!/b/dAIBAAAAAAAA&ek=1&kp=1&pt=0&bo=OAQ4BAAAAAAFFzQ!&tm=1494234000#sce=14-1-1&rf=v1_iph_sq_6.5.0_0_hdbm_t-4-2,"2017-05-16 01:53:00.108081","2017-05-16 01:53:00.108117"
38,"",14,"",http://b166.photo.store.qq.com/psb?/V11wKDiG23Nj7m/ovDsXjNhPGMTFYkgmAZDj*OwunUuTS8FaQ5el3NukIw!/b/dKYAAAAAAAAA&ek=1&kp=1&pt=0&bo=OAQ4BAAAAAAFFzQ!&tm=1494234000#sce=14-1-1&rf=v1_iph_sq_6.5.0_0_hdbm_t-4-2,"2017-05-16 01:53:00.108081","2017-05-16 01:53:00.108117"
39,"",6,"",http://b173.photo.store.qq.com/psb?/V11wKDiG23Nj7m/TXl5Aq8QBwLXmCyOzwv1jVbW.zyaezrgUK743C*H.BY!/b/dK0AAAAAAAAA&ek=1&kp=1&pt=0&bo=OAQ4BAAAAAAFFzQ!&tm=1494234000#sce=14-1-1&rf=v1_iph_sq_6.5.0_0_hdbm_t-4-2,"2017-05-16 01:53:00.108081","2017-05-16 01:53:00.108117"
40,"",10,"",http://b178.photo.store.qq.com/psb?/V11wKDiG23Nj7m/NfqqeLCEWHO2ZycCnIeWjDILgMGyd0z0QmHTcCls.zg!/b/dLIAAAAAAAAA&ek=1&kp=1&pt=0&bo=OAQ4BAAAAAAFFzQ!&tm=1494234000#sce=14-1-1&rf=v1_iph_sq_6.5.0_0_hdbm_t-4-2,"2017-05-16 01:53:00.108081","2017-05-16 01:53:00.108117"
41,"",21,"",http://b248.photo.store.qq.com/psb?/V11wKDiG23Nj7m/jbPXJdHrd3bS9wcHFOCDNVvhciSg.OTPqEEPEhapGxo!/b/dPgAAAAAAAAA&ek=1&kp=1&pt=0&bo=OAQ4BAAAAAAFFzQ!&tm=1494234000#sce=14-1-1&rf=v1_iph_sq_6.5.0_0_hdbm_t-4-2,"2017-05-16 01:53:00.108081","2017-05-16 01:53:00.108117"
42,"",9,"",http://b178.photo.store.qq.com/psb?/V11wKDiG23Nj7m/fxMI.77w5m2jI*UL2mbUQQgB7PsrO912Xul8*jFjpDQ!/b/dLIAAAAAAAAA&ek=1&kp=1&pt=0&bo=OAQ4BAAAAAAFFzQ!&tm=1494234000#sce=14-1-1&rf=v1_iph_sq_6.5.0_0_hdbm_t-4-2,"2017-05-16 01:53:00.108081","2017-05-16 01:53:00.108117"
43,"",16,"",http://m.qpic.cn/psb?/V11wKDiG23Nj7m/Ey4eMbXP92a8qUQmVpnKOQC01kSA95sQa6nW9PIgT44!/b/dBkBAAAAAAAA&ek=1&kp=1&pt=0&bo=wAP.BAAAAAARFxk!&tm=1495155600#sce=14-1-1&rf=v1_iph_sq_6.5.0_0_hdbm_t-4-2,"2017-05-19 01:50:52.678952","2017-05-19 01:50:52.678990"
44,"",4,"",http://m.qpic.cn/psb?/V11wKDiG23Nj7m/3OBYx1.USnYPSDbc*f4o90RmrDXsbthAbH7kwnkedlg!/b/dBgBAAAAAAAA&ek=1&kp=1&pt=0&bo=wAP.BAAAAAARFxk!&tm=1495155600#sce=14-1-1&rf=v1_iph_sq_6.5.0_0_hdbm_t-4-2,"2017-05-19 01:50:52.678952","2017-05-19 01:50:52.678990"
45,"",5,"",http://m.qpic.cn/psb?/V11wKDiG23Nj7m/1MbB6CksXGOnpeo*8p4hvfLeVYrVOULhhbTA1di4VLU!/b/dB8BAAAAAAAA&ek=1&kp=1&pt=0&bo=wAP.BAAAAAARFxk!&tm=1495155600#sce=14-1-1&rf=v1_iph_sq_6.5.0_0_hdbm_t-4-2,"2017-05-19 01:50:52.678952","2017-05-19 01:50:52.678990"
46,"",8,"",http://m.qpic.cn/psb?/V11wKDiG23Nj7m/ud.P5xCiMhAHcBG8xQOTJtYGP9Lh5honi6w.aBzIBC8!/b/dBcBAAAAAAAA&ek=1&kp=1&pt=0&bo=wAP.BAAAAAARFxk!&tm=1495155600#sce=14-1-1&rf=v1_iph_sq_6.5.0_0_hdbm_t-4-2,"2017-05-19 01:50:52.678952","2017-05-19 01:50:52.678990"
47,"",2,"",http://m.qpic.cn/psb?/V11wKDiG23Nj7m/hNmO7Ilh3Inx2sWjSUACo62LwFQGhYKYqW7vTu4LRqY!/b/dBgBAAAAAAAA&ek=1&kp=1&pt=0&bo=*gTAAwAAAAARFxk!&tm=1495155600#sce=14-1-1&rf=v1_iph_sq_6.5.0_0_hdbm_t-4-2,"2017-05-19 01:50:52.678952","2017-05-19 01:50:52.678990"
48,"",6,"",http://m.qpic.cn/psb?/V11wKDiG23Nj7m/8CcTNxjAxy*K2kv.0HOivstJUNSA8umlyr5MzpWpMWI!/b/dBcBAAAAAAAA&ek=1&kp=1&pt=0&bo=*gTAAwAAAAARFxk!&tm=1495155600#sce=14-1-1&rf=v1_iph_sq_6.5.0_0_hdbm_t-4-2,"2017-05-19 01:50:52.678952","2017-05-19 01:50:52.678990"
49,"",2,"",http://m.qpic.cn/psb?/V11wKDiG23Nj7m/LeDVWg1H5emz5uEnU6d*bhp4ZsIvxLt*RkQpougSqlk!/b/dBgBAAAAAAAA&ek=1&kp=1&pt=0&bo=*gTAAwAAAAARFxk!&tm=1495155600#sce=14-1-1&rf=v1_iph_sq_6.5.0_0_hdbm_t-4-2,"2017-05-19 01:50:52.678952","2017-05-19 01:50:52.678990"
50,"",4,"",http://m.qpic.cn/psb?/V11wKDiG23Nj7m/bpYvuKY1fbbcq5Und0CFdKxUzwtKwWeDD.yROl5pEwg!/b/dB8BAAAAAAAA&ek=1&kp=1&pt=0&bo=OASgBQAAAAARF7k!&tm=1495155600#sce=14-1-1&rf=v1_iph_sq_6.5.0_0_hdbm_t-4-2,"2017-05-19 01:50:52.678952","2017-05-19 01:50:52.678990"
51,"",1,"",http://m.qpic.cn/psb?/V11wKDiG23Nj7m/8eP3FT4NO1lmM0yjDE7.CIvWHTwtsfOVNRN1RP20JhE!/b/dBkBAAAAAAAA&ek=1&kp=1&pt=0&bo=OASgBQAAAAARF7k!&tm=1495155600#sce=14-1-1&rf=v1_iph_sq_6.5.0_0_hdbm_t-4-2,"2017-05-19 01:50:52.678952","2017-05-19 01:50:52.678990"
52,"",1,"",http://m.qpic.cn/psb?/V11wKDiG23Nj7m/l85UzS*ApWkZJgm17La.LKXWK.iVW1H5BxuJsKbRTlM!/b/dBgBAAAAAAAA&ek=1&kp=1&pt=0&bo=OASgBQAAAAARF7k!&tm=1495155600#sce=14-1-1&rf=v1_iph_sq_6.5.0_0_hdbm_t-4-2,"2017-05-19 01:50:52.678952","2017-05-19 01:50:52.678990"
53,"",1,"",http://m.qpic.cn/psb?/V11wKDiG23Nj7m/8IsYE6QxkElZp5oaVNLKUQ.A9iXJ7z6.w.tjqhe3pYw!/b/dBcBAAAAAAAA&ek=1&kp=1&pt=0&bo=OASgBQAAAAARF7k!&tm=1495155600#sce=14-1-1&rf=v1_iph_sq_6.5.0_0_hdbm_t-4-2,"2017-05-19 01:50:52.678952","2017-05-19 01:50:52.678990"
54,"",1,"",http://m.qpic.cn/psb?/V11wKDiG23Nj7m/AIBH.xiwiBBMeZRDu6K.8tLBEDA8BN4Bb1gJmuPOKdg!/b/dBkBAAAAAAAA&ek=1&kp=1&pt=0&bo=OASgBQAAAAARF7k!&tm=1495155600#sce=14-1-1&rf=v1_iph_sq_6.5.0_0_hdbm_t-4-2,"2017-05-19 01:50:52.678952","2017-05-19 01:50:52.678990"
55,"",1,"",http://m.qpic.cn/psb?/V11wKDiG23Nj7m/6gsojWWshkldtswrI70nTfGeary1QmwwPeaxFG2QN4U!/b/dBgBAAAAAAAA&ek=1&kp=1&pt=0&bo=OASgBQAAAAARF7k!&tm=1495155600#sce=14-1-1&rf=v1_iph_sq_6.5.0_0_hdbm_t-4-2,"2017-05-19 01:50:52.678952","2017-05-19 01:50:52.678990"
56,"",3,"",http://m.qpic.cn/psb?/V11wKDiG23Nj7m/bqWcBFC.El*3ADdszCa6LnC7PEMKvWCOg6SHU4F5Owg!/b/dBgBAAAAAAAA&ek=1&kp=1&pt=0&bo=OASgBQAAAAARF7k!&tm=1495155600#sce=14-1-1&rf=v1_iph_sq_6.5.0_0_hdbm_t-4-2,"2017-05-19 01:50:52.678952","2017-05-19 01:50:52.678990"
57,"",2,"",http://m.qpic.cn/psb?/V11wKDiG23Nj7m/uyfSyWj2jr7QetvXDm3DqErC3jCO6QeSmJA254GFSHU!/b/dPYAAAAAAAAA&ek=1&kp=1&pt=0&bo=oAU4BAAAAAARF7k!&tm=1495155600#sce=14-1-1&rf=v1_iph_sq_6.5.0_0_hdbm_t-4-2,"2017-05-19 01:50:52.678952","2017-05-19 01:50:52.678990"
271,"",0,"",http://a2.qpic.cn/psb?/V11TFXqE2m2S0f/ayNYYjps2vPmTO7Bd72.OxOi*CIjeoWw.Ou3EvM6GJw!/b/dBgBAAAAAAAA&bo=AAewBAAHsAQRBzA!&rf=viewer_4,"2017-05-25 04:54:48.377206","2017-05-25 04:54:48.377241"
272,"",0,"",http://a1.qpic.cn/psb?/V11TFXqE2m2S0f/OavyiGKUkZyFft6PxyzdJTVnE1bOevd2WkfzCn*y550!/b/dPYAAAAAAAAA&bo=AAewBAAHsAQRADc!&rf=viewer_4,"2017-05-25 04:54:48.377206","2017-05-25 04:54:48.377241"
273,"",1,"",http://a1.qpic.cn/psb?/V11TFXqE2m2S0f/l1VwyEPQLc5Byhc6IYWajAhvSlzG0rhN57KD*LuYAfg!/b/dCABAAAAAAAA&bo=AAewBAAHsAQRADc!&rf=viewer_4,"2017-05-25 04:54:48.377206","2017-05-25 04:54:48.377241"
274,"",3,"",http://a2.qpic.cn/psb?/V11TFXqE2m2S0f/5zaL2Zh9i7mdLq2eCmWa1gwcYP1jsadC.pvErw9ivnY!/b/dBgBAAAAAAAA&bo=AAewBAAHsAQRADc!&rf=viewer_4,"2017-05-25 04:54:48.377206","2017-05-25 04:54:48.377241"
275,"",1,"",http://a3.qpic.cn/psb?/V11TFXqE2m2S0f/b8Ebnz14TMOAbnVYziEeNC3I8Uagf2lBeBhPZk.5msM!/b/dBkBAAAAAAAA&bo=AAewBAAHsAQRADc!&rf=viewer_4,"2017-05-25 04:54:48.377206","2017-05-25 04:54:48.377241"
276,"",4,"",http://a1.qpic.cn/psb?/V11TFXqE2m2S0f/cWVGCv56DknGph4LVaWUBL.LVODU6AlLhNgscd1voqk!/b/dCABAAAAAAAA&bo=AAewBAAHsAQRADc!&rf=viewer_4,"2017-05-25 04:54:48.377206","2017-05-25 04:54:48.377241"
277,"",3,"",http://a1.qpic.cn/psb?/V11TFXqE2m2S0f/n0qjFuFvU9tSJaFDjsZhCtxTapn1*NH*PyjhwzkfAQ4!/b/dBcBAAAAAAAA&bo=AAewBAAHsAQRADc!&rf=viewer_4,"2017-05-25 04:54:48.377206","2017-05-25 04:54:48.377241"
278,"",0,"",http://a1.qpic.cn/psb?/V11TFXqE2m2S0f/.t62ESy15nYeAqJSfYuUkpj1YahfD68DZmq4inM693k!/b/dBcBAAAAAAAA&bo=AAewBAAHsAQRADc!&rf=viewer_4,"2017-05-25 04:54:48.377206","2017-05-25 04:54:48.377241"
279,"",0,"",http://a1.qpic.cn/psb?/V11TFXqE2m2S0f/hiXJbuEwAYXlNtyB4tkq9NUFeVBDwsuhRbFcvlaJyMg!/b/dBcBAAAAAAAA&bo=sAQAB7AEAAcRADc!&rf=viewer_4,"2017-05-25 04:54:48.377206","2017-05-25 04:54:48.377241"
280,"",3,"",http://a2.qpic.cn/psb?/V11TFXqE2m2S0f/mUdCxV*9z4aq4oQrufoa9AyWULNrUfGPot5BrKoCUdU!/b/dBgBAAAAAAAA&bo=AAewBAAHsAQRADc!&rf=viewer_4,"2017-05-25 04:54:48.377206","2017-05-25 04:54:48.377241"
281,"",2,"",http://a1.qpic.cn/psb?/V11TFXqE2m2S0f/2AdG*kZJt3os1QFikviS4A1OHF41MN7cvo4Sx1IOdpQ!/b/dCABAAAAAAAA&bo=AAewBAAHsAQRADc!&rf=viewer_4,"2017-05-25 04:54:48.377206","2017-05-25 04:54:48.377241"
282,"",0,"",http://a3.qpic.cn/psb?/V11TFXqE2m2S0f/hrzBj7THgnmFmyPL*pRUiaDHtwr8afMkyerGfWgEE2I!/b/dBkBAAAAAAAA&bo=AAewBAAHsAQRADc!&rf=viewer_4,"2017-05-25 04:54:48.377206","2017-05-25 04:54:48.377241"
283,"",0,"",http://a2.qpic.cn/psb?/V11TFXqE2m2S0f/NBWWpp6CiOmSURlzE825nGuy3AT6ZuM4b*hA1d66*us!/b/dBgBAAAAAAAA&bo=AAewBAAHsAQRADc!&rf=viewer_4,"2017-05-25 04:54:48.377206","2017-05-25 04:54:48.377241"
284,"",0,"",http://a2.qpic.cn/psb?/V11TFXqE2m2S0f/VMpwMH8M.RrIcbxOntpRV41flvA.iVSQOGO7hG.d98s!/b/dBgBAAAAAAAA&bo=AAewBAAHsAQRADc!&rf=viewer_4,"2017-05-25 04:54:48.377206","2017-05-25 04:54:48.377241"
285,"",0,"",http://a3.qpic.cn/psb?/V11TFXqE2m2S0f/cygWH9bYLyQ94QJRyNxA0yFDxSnIo2EBYYlHuzsqy6o!/b/dBkBAAAAAAAA&bo=AAewBAAHsAQRADc!&rf=viewer_4,"2017-05-25 04:54:48.377206","2017-05-25 04:54:48.377241"
286,"",0,"",http://a1.qpic.cn/psb?/V11TFXqE2m2S0f/0ig8jiprvdN5JCOf8fw2EqN5Ub331euys5E2sRzuSo8!/b/dCABAAAAAAAA&bo=AAewBAAHsAQRADc!&rf=viewer_4,"2017-05-25 04:54:48.377206","2017-05-25 04:54:48.377241"
287,"",0,"",http://a3.qpic.cn/psb?/V11TFXqE2m2S0f/ENuY1rGgbfPE177gt39ZgQDXPDqw46YJ9iEiTD.gwXI!/b/dB8BAAAAAAAA&bo=AAewBAAHsAQRADc!&rf=viewer_4,"2017-05-25 04:54:48.377206","2017-05-25 04:54:48.377241"
288,"",0,"",http://a2.qpic.cn/psb?/V11TFXqE2m2S0f/P7TNuzn4G6TvLr*4Zy1Rbe6L7wOhNgXdH5mPCpwM1PY!/b/dBgBAAAAAAAA&bo=AAewBAAHsAQRADc!&rf=viewer_4,"2017-05-25 04:54:48.377206","2017-05-25 04:54:48.377241"
289,"",6,"",http://a1.qpic.cn/psb?/V11TFXqE2m2S0f/.yR6cghUm5.k9c6ri6Av4SRv5zYTppRmF6cv3rblrPY!/b/dCABAAAAAAAA&bo=AAewBAAHsAQRADc!&rf=viewer_4,"2017-05-25 04:54:48.377206","2017-05-25 04:54:48.377241"
290,"",0,"",http://a2.qpic.cn/psb?/V11TFXqE1bhL2w/zRYkR.LtmK8TLc3XWVLeWb3wHFubsNup0qHCR*QrMWY!/b/dBgBAAAAAAAA&bo=AAewBAAHsAQRBzA!&rf=viewer_4,"2017-05-25 04:54:48.377206","2017-05-25 04:54:48.377241"
291,"",0,"",http://a1.qpic.cn/psb?/V11TFXqE1bhL2w/iEEZ0BonG5uHA9gG58Sm87VysYmQWcLdz2FiGAT4k4g!/b/dCABAAAAAAAA&bo=AAewBAAHsAQRADc!&rf=viewer_4,"2017-05-25 04:54:48.377206","2017-05-25 04:54:48.377241"
292,"",0,"",http://a1.qpic.cn/psb?/V11TFXqE1bhL2w/BHXVdcr9N38eizzI5xw4IWhyerEUWTjNuc8Z76yeu1E!/b/dBcBAAAAAAAA&bo=AAewBAAHsAQRADc!&rf=viewer_4,"2017-05-25 04:54:48.377206","2017-05-25 04:54:48.377241"
293,"",0,"",http://a2.qpic.cn/psb?/V11TFXqE1bhL2w/YK1oBeZ1wZuUqKeBBzA6srme4t9emVss4T94.Q99*Xg!/b/dLIAAAAAAAAA&bo=AAewBAAHsAQRADc!&rf=viewer_4,"2017-05-25 04:54:48.377206","2017-05-25 04:54:48.377241"
294,"",0,"",http://a3.qpic.cn/psb?/V11TFXqE1bhL2w/kt*0eu.QH0DQh*YvMrs5sMH5vvKt9UaQvNXbOpwLFf0!/b/dB8BAAAAAAAA&bo=AAewBAAHsAQRADc!&rf=viewer_4,"2017-05-25 04:54:48.377206","2017-05-25 04:54:48.377241"
295,"",1,"",http://a2.qpic.cn/psb?/V11TFXqE1bhL2w/TYpNxuuq1ERQmMHnv1MCufVfo4H*RWXXo54rpj9r2l8!/b/dBgBAAAAAAAA&bo=AAewBAAHsAQRADc!&rf=viewer_4,"2017-05-25 04:54:48.377206","2017-05-25 04:54:48.377241"
296,"",1,"",http://a1.qpic.cn/psb?/V11TFXqE1bhL2w/GQ7YB5tRMkjL5*lDM5orCMV9MWlkZ6TQool2AwIH53o!/b/dPYAAAAAAAAA&bo=AAewBAAHsAQRADc!&rf=viewer_4,"2017-05-25 04:54:48.377206","2017-05-25 04:54:48.377241"
297,"",0,"",http://a3.qpic.cn/psb?/V11TFXqE1bhL2w/desHnQYfZZRlRas98hQ9Iqkv3PJEDNp*c*V105o8n44!/b/dBkBAAAAAAAA&bo=AAewBAAHsAQRADc!&rf=viewer_4,"2017-05-25 04:54:48.377206","2017-05-25 04:54:48.377241"
298,"",0,"",http://a3.qpic.cn/psb?/V11TFXqE1bhL2w/3kMVxuEsEG9xob8OCtrIFScNYvJ4kcYowzcsaNhA*kE!/b/dB8BAAAAAAAA&bo=AAewBAAHsAQRADc!&rf=viewer_4,"2017-05-25 04:54:48.377206","2017-05-25 04:54:48.377241"
299,"",1,"",http://a2.qpic.cn/psb?/V11TFXqE1bhL2w/0uACsic6vKUC8IoT29ccsXSAcbv522C*lSRQx4zIXsQ!/b/dBgBAAAAAAAA&bo=AAewBAAHsAQRADc!&rf=viewer_4,"2017-05-25 04:54:48.377206","2017-05-25 04:54:48.377241"
300,"",0,"",http://a3.qpic.cn/psb?/V11TFXqE1bhL2w/rkPKjzqKAqYJTQyDdfDp7BXmVDGdgSpuvjEfqequwqc!/b/dBkBAAAAAAAA&bo=AAewBAAHsAQRADc!&rf=viewer_4,"2017-05-25 04:54:48.377206","2017-05-25 04:54:48.377241"
301,"",0,"",http://a3.qpic.cn/psb?/V11TFXqE1bhL2w/mbX.hM2hcuiWvm4BLG4TnPktUSdQOtlRM1el33Zj3yw!/b/dBkBAAAAAAAA&bo=AAewBAAHsAQRADc!&rf=viewer_4,"2017-05-25 04:54:48.377206","2017-05-25 04:54:48.377241"
302,"",0,"",http://a1.qpic.cn/psb?/V11TFXqE1bhL2w/3Y0C9nuc0ygix0*pkmoCaB3cZQ.mJLwFdRDmVoFB.LQ!/b/dCABAAAAAAAA&bo=AAewBAAHsAQRADc!&rf=viewer_4,"2017-05-25 04:54:48.377206","2017-05-25 04:54:48.377241"
303,"",0,"",http://a1.qpic.cn/psb?/V11TFXqE1bhL2w/RK3gqf4gqJCbABOGl1TGMjFRyaEgCeC71rGqpKhfM60!/b/dCABAAAAAAAA&bo=AAewBAAHsAQRADc!&rf=viewer_4,"2017-05-25 04:54:48.377206","2017-05-25 04:54:48.377241"
304,"",0,"",http://a3.qpic.cn/psb?/V11TFXqE1bhL2w/frreC3kMQ2V*JYb5YMD3JKKZ7NyDPZ5yXVJ4CS8J5QU!/b/dB8BAAAAAAAA&bo=AAewBAAHsAQRADc!&rf=viewer_4,"2017-05-25 04:54:48.377206","2017-05-25 04:54:48.377241"
305,"",0,"",http://a2.qpic.cn/psb?/V11TFXqE1bhL2w/UePK4COyK68IuRXTJkiW9O4MB4E9rhzDhZsnYfChzuM!/b/dBgBAAAAAAAA&bo=AAewBAAHsAQRADc!&rf=viewer_4,"2017-05-25 04:54:48.377206","2017-05-25 04:54:48.377241"
306,"",0,"",http://a3.qpic.cn/psb?/V11TFXqE1bhL2w/.XCCGJL0Nsd1Kfm7mrsk.VLtrqI*nGv*UeJJl.aZeNs!/b/dB8BAAAAAAAA&bo=AAewBAAHsAQRADc!&rf=viewer_4,"2017-05-25 04:54:48.377206","2017-05-25 04:54:48.377241"
307,"",2,"",http://a1.qpic.cn/psb?/V11TFXqE1bhL2w/RlD5bwU4H96e2O3wH5kpihccYjXc5FTi7XVkmXcJdI0!/b/dCABAAAAAAAA&bo=AAewBAAHsAQRADc!&rf=viewer_4,"2017-05-25 04:54:48.377206","2017-05-25 04:54:48.377241"
308,"",1,"",http://a3.qpic.cn/psb?/V11TFXqE1bhL2w/5Tbo97CDAYsJ0iYE9W04gzaxLqA0mOf5mIODw1SKWcw!/b/dB8BAAAAAAAA&bo=AAewBAAHsAQRADc!&rf=viewer_4,"2017-05-25 04:54:48.377206","2017-05-25 04:54:48.377241"
309,"",2,"",http://a2.qpic.cn/psb?/V11TFXqE1bhL2w/7GykEPgWMXFIXVzxucqzETS4sp9sK14Djauq369tNWc!/b/dBgBAAAAAAAA&bo=AAewBAAHsAQRADc!&rf=viewer_4,"2017-05-25 04:54:48.377206","2017-05-25 04:54:48.377241"
310,"",1,"",http://a3.qpic.cn/psb?/V11TFXqE1bhL2w/lxMqe7PAPWoisTdKZHCN7*YEOKdkGLELH8ZQcYxr9gY!/b/dB8BAAAAAAAA&bo=AAewBAAHsAQRADc!&rf=viewer_4,"2017-05-25 04:54:48.377206","2017-05-25 04:54:48.377241"
311,"",0,"",http://a2.qpic.cn/psb?/V11TFXqE1bhL2w/fQt*gRsBiqH6i4ssnj*I3xZDTwwT1wwkP46NzWcfRrs!/b/dBgBAAAAAAAA&bo=AAewBAAHsAQRADc!&rf=viewer_4,"2017-05-25 04:54:48.377206","2017-05-25 04:54:48.377241"
312,"",0,"",http://a3.qpic.cn/psb?/V11TFXqE1bhL2w/kdhnzYybv0P9XjzH90PgcBRvyoO5MPFIDWVyayyD8Io!/b/dBkBAAAAAAAA&bo=AAewBAAHsAQRADc!&rf=viewer_4,"2017-05-25 04:54:48.377206","2017-05-25 04:54:48.377241"
313,"",0,"",http://a2.qpic.cn/psb?/V11TFXqE1bhL2w/pL8JSVk.pnUIGpj7zMBQBYpHRmAfxjzTJuZwZwpKdX8!/b/dBgBAAAAAAAA&bo=AAewBAAHsAQRADc!&rf=viewer_4,"2017-05-25 04:54:48.377206","2017-05-25 04:54:48.377241"
314,"",0,"",http://a3.qpic.cn/psb?/V11TFXqE1bhL2w/ux7*GdCmCGy6x.nIe4Mx55JP7oxeKgTUvBpf5ATzD40!/b/dK0AAAAAAAAA&bo=AAewBAAHsAQRADc!&rf=viewer_4,"2017-05-25 04:54:48.377206","2017-05-25 04:54:48.377241"
315,"",2,"",http://a3.qpic.cn/psb?/V11TFXqE1bhL2w/e*trQP63VDfQ.IkR9ZTawwRm3d2LgS3IURU0N.v5NXk!/b/dBkBAAAAAAAA&bo=AAewBAAHsAQRADc!&rf=viewer_4,"2017-05-25 04:54:48.377206","2017-05-25 04:54:48.377241"
316,"",0,"",http://a3.qpic.cn/psb?/V11TFXqE1bhL2w/OG4JvRKGavKcgRdtXSrNt4n7WPn5Y3hwj3WDK6o5xWI!/b/dB8BAAAAAAAA&bo=AAewBAAHsAQRADc!&rf=viewer_4,"2017-05-25 04:54:48.377206","2017-05-25 04:54:48.377241"
317,"",0,"",http://a2.qpic.cn/psb?/V11TFXqE1bhL2w/uZPtEsyasgjzRfl*UmCPDfSzjm2vnl39a4Hg6yiPyEA!/b/dBgBAAAAAAAA&bo=AAewBAAHsAQRADc!&rf=viewer_4,"2017-05-25 04:54:48.377206","2017-05-25 04:54:48.377241"
318,"",0,"",http://a3.qpic.cn/psb?/V11TFXqE1bhL2w/PCGElwPk*SqQMHHZmdxUxgC2INoiRSpxCmE.4jSHeLg!/b/dBkBAAAAAAAA&bo=AAewBAAHsAQRADc!&rf=viewer_4,"2017-05-25 04:54:48.377206","2017-05-25 04:54:48.377241"
319,"",0,"",http://a3.qpic.cn/psb?/V11TFXqE1bhL2w/ftBLgawsnjmcRXCigL8iEYABliSQQInQ56GBLM9jiZg!/b/dK0AAAAAAAAA&bo=AAewBAAHsAQRADc!&rf=viewer_4,"2017-05-25 04:54:48.377206","2017-05-25 04:54:48.377241"
320,"",0,"",http://a3.qpic.cn/psb?/V11TFXqE1bhL2w/ydQoOhXMDamIWFXXGEbWJlUkTZWqqJsGaLDWnIy5m8Q!/b/dB8BAAAAAAAA&bo=AAewBAAHsAQRADc!&rf=viewer_4,"2017-05-25 04:54:48.377206","2017-05-25 04:54:48.377241"
321,"",0,"",http://a3.qpic.cn/psb?/V11TFXqE1bhL2w/ah5vA5hqlF3PSE0*nCLKjLdECJEPhYP4Y4zA4Cn*22k!/b/dB8BAAAAAAAA&bo=AAewBAAHsAQRADc!&rf=viewer_4,"2017-05-25 04:54:48.377206","2017-05-25 04:54:48.377241"
322,"",0,"",http://a3.qpic.cn/psb?/V11TFXqE1bhL2w/T1vuJbsvqj*zOa3wSPhmgxpbKWqnS5TRZTLvQOY3On8!/b/dBkBAAAAAAAA&bo=AAewBAAHsAQRADc!&rf=viewer_4,"2017-05-25 04:54:48.377206","2017-05-25 04:54:48.377241"
323,"",0,"",http://a3.qpic.cn/psb?/V11TFXqE1bhL2w/T1vuJbsvqj*zOa3wSPhmgxpbKWqnS5TRZTLvQOY3On8!/b/dBkBAAAAAAAA&bo=AAewBAAHsAQRADc!&rf=viewer_4,"2017-05-25 05:14:30.784591","2017-05-25 05:14:30.784630"
324,"",0,"",http://a3.qpic.cn/psb?/V11TFXqE1bhL2w/vOgwoKriI1dFLUIloukEYHAF5Vl3ofaNJ8Kiw8gv6Pc!/b/dBkBAAAAAAAA&bo=AAewBAAHsAQRADc!&rf=viewer_4,"2017-05-25 05:14:30.784591","2017-05-25 05:14:30.784630"
325,"",0,"",http://a1.qpic.cn/psb?/V11TFXqE1bhL2w/kNa15TAtnANbVt*0aBfaqAgRUkwp6AMob9rpBD7spHc!/b/dBcBAAAAAAAA&bo=AAewBAAHsAQRADc!&rf=viewer_4,"2017-05-25 05:14:30.784591","2017-05-25 05:14:30.784630"
326,"",0,"",http://a3.qpic.cn/psb?/V11TFXqE1bhL2w/Abfjc4DV47o7JARYDV321RKfYBZWDPkLH5RplZ0INVc!/b/dBkBAAAAAAAA&bo=AAewBAAHsAQRADc!&rf=viewer_4,"2017-05-25 05:14:30.784591","2017-05-25 05:14:30.784630"
327,"",0,"",http://a3.qpic.cn/psb?/V11TFXqE1bhL2w/o45yzAQ*JyyrtA9XGpYVMnkvs*xIDZZ8d3zVu9B6qUw!/b/dB8BAAAAAAAA&bo=AAewBAAHsAQRADc!&rf=viewer_4,"2017-05-25 05:14:30.784591","2017-05-25 05:14:30.784630"
328,"",1,"",http://a3.qpic.cn/psb?/V11TFXqE1bhL2w/Z18OscDAQva56FPsLWvjXITjN9R1H.h0ltLOvGzWmjc!/b/dB8BAAAAAAAA&bo=AAewBAAHsAQRADc!&rf=viewer_4,"2017-05-25 05:14:30.784591","2017-05-25 05:14:30.784630"
329,"",1,"",http://a1.qpic.cn/psb?/V11TFXqE1bhL2w/hQfRzeXsW2JVQGikSDChA5VU1U6Co7UPtTzd5I7nlsw!/b/dCABAAAAAAAA&bo=AAewBAAHsAQRADc!&rf=viewer_4,"2017-05-25 05:14:30.784591","2017-05-25 05:14:30.784630"
330,"",0,"",http://a2.qpic.cn/psb?/V11TFXqE1bhL2w/ri4Q0dZsIivUdOGVZQmh*4AUs9HlCZn7Mo8rTgXYhVw!/b/dBgBAAAAAAAA&bo=AAewBAAHsAQRADc!&rf=viewer_4,"2017-05-25 05:14:30.784591","2017-05-25 05:14:30.784630"
331,"",0,"",http://a3.qpic.cn/psb?/V11TFXqE1bhL2w/Wgjy0HwxSOw5pE9P33n2o6NSzoYzySH1dk5EumZ3ENI!/b/dBkBAAAAAAAA&bo=AAewBAAHsAQRADc!&rf=viewer_4,"2017-05-25 05:14:30.784591","2017-05-25 05:14:30.784630"
332,"",0,"",http://a1.qpic.cn/psb?/V11TFXqE1bhL2w/QPk.a3BdxRRk3*.GoWuNpdpIVez1xcopVHEDp63X7QM!/b/dCABAAAAAAAA&bo=AAewBAAHsAQRADc!&rf=viewer_4,"2017-05-25 05:14:30.784591","2017-05-25 05:14:30.784630"
333,"",0,"",http://a1.qpic.cn/psb?/V11TFXqE1bhL2w/beCDBKjjQ4cr5DzSLyc974uTaagTpHYGxszdzhC6YOc!/b/dCABAAAAAAAA&bo=AAewBAAHsAQRADc!&rf=viewer_4,"2017-05-25 05:14:30.784591","2017-05-25 05:14:30.784630"
334,"",0,"",http://a3.qpic.cn/psb?/V11TFXqE1bhL2w/YZHieJJ.DIqWFbK4f4PvCQcq533k*ZeMwI0OU6UhGtM!/b/dBkBAAAAAAAA&bo=AAewBAAHsAQRADc!&rf=viewer_4,"2017-05-25 05:14:30.784591","2017-05-25 05:14:30.784630"
335,"",0,"",http://a3.qpic.cn/psb?/V11TFXqE1bhL2w/QIWMxNT73OIpkSN7xDwRbfcfzjfhjUd1trzQkrAjRN4!/b/dBkBAAAAAAAA&bo=AAewBAAHsAQRADc!&rf=viewer_4,"2017-05-25 05:14:30.784591","2017-05-25 05:14:30.784630"
336,"",0,"",http://a1.qpic.cn/psb?/V11TFXqE1bhL2w/JEh0qrph3MAi6I8ZmbtbzPfUVgravDbxrH2ucgf*rRo!/b/dCABAAAAAAAA&bo=AAewBAAHsAQRADc!&rf=viewer_4,"2017-05-25 05:14:30.784591","2017-05-25 05:14:30.784630"
337,"",0,"",http://a3.qpic.cn/psb?/V11TFXqE1bhL2w/iwK*MoqVmTO1s2aJn.4c8.ebvaNyq85KDct91FAMcxM!/b/dBkBAAAAAAAA&bo=AAewBAAHsAQRADc!&rf=viewer_4,"2017-05-25 05:14:30.784591","2017-05-25 05:14:30.784630"
338,"",0,"",http://a1.qpic.cn/psb?/V11TFXqE1bhL2w/qX03Z8FZx9WXIE6mf4LZs3t2MiCn9HozzQ.xP0fadwo!/b/dBcBAAAAAAAA&bo=AAewBAAHsAQRADc!&rf=viewer_4,"2017-05-25 05:14:30.784591","2017-05-25 05:14:30.784630"
339,"",0,"",http://a3.qpic.cn/psb?/V11TFXqE1bhL2w/yA*iLraQqfuzUgy7Pd3W670uzHlY*Eavgyo.HNH*DZg!/b/dB8BAAAAAAAA&bo=AAewBAAHsAQRADc!&rf=viewer_4,"2017-05-25 05:14:30.784591","2017-05-25 05:14:30.784630"
340,"",0,"",http://a1.qpic.cn/psb?/V11TFXqE1bhL2w/BEOVT3J7Mf*AZvNaC6kKODHZyJlQhbB50xwekUBZ2k0!/b/dBcBAAAAAAAA&bo=AAewBAAHsAQRADc!&rf=viewer_4,"2017-05-25 05:14:30.784591","2017-05-25 05:14:30.784630"
341,"",0,"",http://a1.qpic.cn/psb?/V11TFXqE1bhL2w/r2rFzU0y2KwWDzJ6Vip6Q0v5fyoaSNkE2pCa3Johcv4!/b/dBcBAAAAAAAA&bo=AAewBAAHsAQRADc!&rf=viewer_4,"2017-05-25 05:14:30.784591","2017-05-25 05:14:30.784630"
342,"",1,"",http://a3.qpic.cn/psb?/V11TFXqE1bhL2w/vHN3YDBmO5zB*NqIe3nwnWwIEMjSjXjOvtyrcgzca0s!/b/dK0AAAAAAAAA&bo=AAewBAAHsAQRADc!&rf=viewer_4,"2017-05-25 05:14:30.784591","2017-05-25 05:14:30.784630"
343,"",0,"",http://a1.qpic.cn/psb?/V11TFXqE1bhL2w/1uTpADYIgG*nuNklbxCL9QyRl09yk5usITpxDT65geA!/b/dCABAAAAAAAA&bo=AAewBAAHsAQRADc!&rf=viewer_4,"2017-05-25 05:14:30.784591","2017-05-25 05:14:30.784630"
344,"",2,"",http://a3.qpic.cn/psb?/V11TFXqE1bhL2w/LtVJPecHO1s95BDD4wYsUFhsB2Bh2PREesXt.9MVqrg!/b/dBkBAAAAAAAA&bo=AAewBAAHsAQRADc!&rf=viewer_4,"2017-05-25 05:14:30.784591","2017-05-25 05:14:30.784630"
345,"",0,"",http://a1.qpic.cn/psb?/V11TFXqE1bhL2w/g3ftfxiwWgfOszFZboAe4Epi1OX14viPlVOOWjdkHnM!/b/dBcBAAAAAAAA&bo=AAewBAAHsAQRADc!&rf=viewer_4,"2017-05-25 05:14:30.784591","2017-05-25 05:14:30.784630"
346,"",2,"",http://a2.qpic.cn/psb?/V11TFXqE1bhL2w/qtq3217K*S*La9w1sjVbA4Vraf07LK3Thc2KuN3nXSo!/b/dBgBAAAAAAAA&bo=AAewBAAHsAQRADc!&rf=viewer_4,"2017-05-25 05:14:30.784591","2017-05-25 05:14:30.784630"
347,"",1,"",http://a2.qpic.cn/psb?/V11TFXqE1bhL2w/yaI7ruktQbuLZ2SePRzbFyjskjHMH8hzCpCK6s5eYBA!/b/dBgBAAAAAAAA&bo=AAewBAAHsAQRADc!&rf=viewer_4,"2017-05-25 05:14:30.784591","2017-05-25 05:14:30.784630"
348,"",4,"",http://a3.qpic.cn/psb?/V11TFXqE1bhL2w/CQwYk9UdiS5KcKN4rast0NVqb6B8rZZSKfw4Fz04A7A!/b/dBkBAAAAAAAA&bo=AAewBAAHsAQRADc!&rf=viewer_4,"2017-05-25 05:14:30.784591","2017-05-25 05:14:30.784630"
349,"",1,"",http://a2.qpic.cn/psb?/V11TFXqE1bhL2w/yp2gGAM8M0V14yF6RmpawFV17ALVR9kxF2rIq8k2ZFU!/b/dBgBAAAAAAAA&bo=AAewBAAHsAQRADc!&rf=viewer_4,"2017-05-25 05:14:30.784591","2017-05-25 05:14:30.784630"
350,"",0,"",http://a3.qpic.cn/psb?/V11TFXqE1bhL2w/EBwtQhWyKG4cqbL1n87t0HLY5n3yqrXe5MStMdgd38U!/b/dB8BAAAAAAAA&bo=vAOAArwDgAIRADc!&rf=viewer_4,"2017-05-25 05:14:30.784591","2017-05-25 05:14:30.784630"
351,"",2,"",http://a3.qpic.cn/psb?/V11TFXqE1bhL2w/4ylEwBSDpzjqwKwr59u3P4zpBlbdoX6HkCSMUX2lqjI!/b/dK0AAAAAAAAA&bo=AAewBAAHsAQRADc!&rf=viewer_4,"2017-05-25 05:14:30.784591","2017-05-25 05:14:30.784630"
352,"",1,"",http://a3.qpic.cn/psb?/V11TFXqE1bhL2w/hs2vkfnlzMvAN5rgnfutp7CndktzjCFHJTb*KiIcxH4!/b/dBkBAAAAAAAA&bo=AAewBAAHsAQRADc!&rf=viewer_4,"2017-05-25 05:14:30.784591","2017-05-25 05:14:30.784630"
353,"",0,"",http://a3.qpic.cn/psb?/V11TFXqE1bhL2w/eSmYU8qGdUL5Z0JonOUyDPlzFqdweTWhDdNUukbHcDA!/b/dB8BAAAAAAAA&bo=AAewBAAHsAQRADc!&rf=viewer_4,"2017-05-25 05:14:30.784591","2017-05-25 05:14:30.784630"
354,"",5,"",http://a3.qpic.cn/psb?/V11TFXqE1bhL2w/WwRLLCPrMfwb4MD81x6HmFfpSPi0ydap4kysaXYS3lk!/b/dB8BAAAAAAAA&bo=AAewBAAHsAQRADc!&rf=viewer_4,"2017-05-25 05:14:30.784591","2017-05-25 05:14:30.784630"
355,"",1,"",http://a3.qpic.cn/psb?/V11TFXqE1bhL2w/DtuoKNLDXNehEmdBtM4.jktAPJFjtwvM6sHEPoCaPPw!/b/dBkBAAAAAAAA&bo=AAewBAAHsAQRADc!&rf=viewer_4,"2017-05-25 05:14:30.784591","2017-05-25 05:14:30.784630"
356,"",0,"",http://a3.qpic.cn/psb?/V11TFXqE1bhL2w/rcm0tN*HNMFDDwtbrCvlIep1ecPfHWAYFynCKQgSr80!/b/dB8BAAAAAAAA&bo=AAewBAAHsAQRADc!&rf=viewer_4,"2017-05-25 05:14:30.784591","2017-05-25 05:14:30.784630"
357,"",1,"",http://a2.qpic.cn/psb?/V11TFXqE1bhL2w/V.PL*S.rxBHZzecWAFglwwva.86JZQtduM9JrAkvCjM!/b/dBgBAAAAAAAA&bo=AAewBAAHsAQRADc!&rf=viewer_4,"2017-05-25 05:14:30.784591","2017-05-25 05:14:30.784630"
358,"",3,"",http://a2.qpic.cn/psb?/V11TFXqE1bhL2w/6IgwN0LL*d1bS7A8YT9TesWcuReH4.sdMdODuNZyL5U!/b/dBgBAAAAAAAA&bo=AAewBAAHsAQRADc!&rf=viewer_4,"2017-05-25 05:14:30.784591","2017-05-25 05:14:30.784630"
359,"",1,"",http://a1.qpic.cn/psb?/V11TFXqE1bhL2w/vB8xpbR64DVV.nmdl8GLbyvtY51zxMlsgDMOfKhFgm0!/b/dPYAAAAAAAAA&bo=sAQAB7AEAAcRADc!&rf=viewer_4,"2017-05-25 05:14:30.784591","2017-05-25 05:14:30.784630"
360,"",1,"",http://a1.qpic.cn/psb?/V11TFXqE1bhL2w/tLbU550NLgeTgupFy0V6GxMgIC.dBx32mq1EVcpPEmI!/b/dBcBAAAAAAAA&bo=AAewBAAHsAQRADc!&rf=viewer_4,"2017-05-25 05:14:30.784591","2017-05-25 05:14:30.784630"
